evaluation,feature_group,feature_count,model,train_rows,test_rows,accuracy,precision,recall,f1,true_negative,false_positive,false_negative,true_positive,roc_auc
halueval_grouped_80_20,confidence_logprob,10,Logistic Regression,16000,4000,0.98025,0.9833920483140413,0.977,0.9801856032104339,1967,33,46,1954,0.9976530000000001
halueval_grouped_80_20,confidence_logprob,10,Linear SVM,16000,4000,0.98075,0.9863429438543247,0.975,0.9806386723661051,1973,27,50,1950,0.9984605
halueval_grouped_80_20,confidence_logprob,10,Random Forest,16000,4000,0.985,0.9840319361277445,0.986,0.985014985014985,1968,32,28,1972,0.99879825
halueval_grouped_80_20,entropy,6,Logistic Regression,16000,4000,0.97225,0.9821337417049515,0.962,0.9719626168224299,1965,35,76,1924,0.990847
halueval_grouped_80_20,entropy,6,Linear SVM,16000,4000,0.9715,0.9816138917262512,0.961,0.9711975745325923,1964,36,78,1922,0.9902569999999999
halueval_grouped_80_20,entropy,6,Random Forest,16000,4000,0.97025,0.9738035264483628,0.9665,0.970138017565872,1948,52,67,1933,0.99077775
halueval_grouped_80_20,all_features,15,Logistic Regression,16000,4000,0.9875,0.9865269461077845,0.9885,0.9875124875124875,1973,27,23,1977,0.9986232500000001
halueval_grouped_80_20,all_features,15,Linear SVM,16000,4000,0.9885,0.988988988988989,0.988,0.9884942471235618,1978,22,24,1976,0.9986147500000001
halueval_grouped_80_20,all_features,15,Random Forest,16000,4000,0.98825,0.9855793137742417,0.991,0.9882822238843181,1971,29,18,1982,0.9988435000000001
